{
  "model_name": "cat",
  "accuracy": 0.8703203147984702,
  "roc_auc": 0.9451730632645301,
  "classification_report": {
    "0": {
      "precision": 0.8821599085468361,
      "recall": 0.924678583511898,
      "f1-score": 0.90291896951635,
      "support": 70936.0
    },
    "1": {
      "precision": 0.8447389068084735,
      "recall": 0.7683971241277225,
      "f1-score": 0.8047615751955153,
      "support": 37832.0
    },
    "accuracy": 0.8703203147984702,
    "macro avg": {
      "precision": 0.8634494076776549,
      "recall": 0.8465378538198103,
      "f1-score": 0.8538402723559326,
      "support": 108768.0
    },
    "weighted avg": {
      "precision": 0.8691440276097431,
      "recall": 0.8703203147984702,
      "f1-score": 0.8687775810386192,
      "support": 108768.0
    }
  },
  "confusion_matrix": [
    [
      65593,
      5343
    ],
    [
      8762,
      29070
    ]
  ],
  "baseline_scores": {
    "logreg": 0.8552305215802728,
    "rf": 0.873556269574588,
    "gb": 0.8658517812303488,
    "xgb": 0.8717933394917414,
    "lgb": 0.8716853095778857,
    "cat": 0.874657240574592
  },
  "tuned_results": {
    "cat": null,
    "rf": 0.879870179871589
  }
}